PS;;<b>  1.   39 OLG Buchsi 1 / OLG Herzogenbuc                               5:18:19
</b>            Ivar Lundanes        1:02:52 (  9.)  Florian Howald         34:43 (  1.)
            Mathias Birrer         50:33 (  3.)  Katja Birrer           41:55 ( 11.)
            Marc Streit            27:09 ( 14.)  Ivar Lundanes          37:05 (  7.)
            Florian Howald       1:04:02 (  2.)
PS;;<b>  2.    7 OL Regio Olten Operation Top 3                               5:24:31
</b>            Marius Kaiser        1:02:00 (  3.)  Philipp von Arx        35:37 (  2.)
            Daniel Zwiker          52:05 (  5.)  Christoph Haefeli      44:52 ( 18.)
            Lynn Gmür              26:11 ( 10.)  Marius Kaiser          36:42 (  4.)
            Philipp von Arx      1:07:04 (  3.)
PS;;<b>  3.   18 OLG Pfäffikon/OLG Zürich Vompa                               5:28:13
</b>            Andrin Bieri         1:04:38 ( 11.)  Hanna Wey              50:14 ( 19.)
            Emanuel Stüdeli        53:33 (  9.)  Lawrie Vieli           38:50 (  5.)
            Dimitri Küenzi         24:40 (  5.)  Andrin Bieri           35:09 (  1.)
            Reto Egger           1:01:09 (  1.)
PS;;<b>  4.    3 OLG Goldau équipe de la cerise                               5:30:08
</b>            Yves Aschwanden      1:05:06 ( 13.)  Sven Püntener          44:52 ( 12.)
            Marius Hodel           52:17 (  6.)  Julian Hodel           31:09 (  2.)
            Cornelia Müller        28:25 ( 21.)  Sandro Truttmann       35:41 (  2.)
            Sven Aschwanden      1:12:38 ( 10.)
PS;;<b>  5.   50 ol norska Tschuncanta / ol nor                               5:34:37
</b>            Jonas Geissbühler    1:05:53 ( 14.)  Res Dubach             49:56 ( 18.)
            Simone Niggli          47:32 (  1.)  Malin Niggli           39:39 (  7.)
            Annina Kunz            23:54 (  4.)  Tobias Sterchi         40:22 ( 12.)
            Florian Moser        1:07:21 (  4.)
PS;;<b>  6.   63 OLG Thun Stauffen / OLG Thun                                 5:45:28
</b>            Dominic Müller         58:28 (  1.)  Florian Schneider      37:51 (  3.)
            Nils Neuenschwander  1:06:51 ( 37.)  Samira Meier           36:13 (  3.)
            Lino Meier             23:33 (  3.)  Andrin Meier           41:39 ( 13.)
            Severin Müller       1:20:53 ( 22.)
PS;;<b>  7.   11 ANCO Grand-Duc / ANCO                                        5:46:03
</b>            Archibald Soguel     1:13:05 ( 24.)  Marc Lauenstein        37:56 (  4.)
            James Hottinger        53:47 ( 10.)  Sandra Lauenstein      54:44 ( 42.)
            Erik Lauenstein        19:34 (  1.)  Archibald Soguel       39:27 ( 11.)
            Marc Lauenstein      1:07:30 (  5.)
PS;;<b>  8.   60 OLC Kapreolo 1 / OLC Kapreolo                                6:02:34
</b>            Corino Wyder         1:02:24 (  6.)  Roman Egli             48:40 ( 15.)
            Dominik Gysel          59:00 ( 16.)  Ladina Baur            49:52 ( 25.)
            Maurice Schulthess     25:17 (  6.)  Corino Wyder           37:00 (  6.)
            Roman Egli           1:20:21 ( 19.)
PS;;<b>  9.   30 Cordoba OLC Grand Tétras / Cor                               6:03:35
</b>            Dario Dauwalder      1:08:13 ( 18.)  Jan Erne               46:44 ( 14.)
            Martin Oklé          1:02:56 ( 24.)  Martina Erne-Hotz      47:22 ( 21.)
            Nils Okle              26:05 (  9.)  Dario Dauwalder        39:09 ( 10.)
            Simon Humbel         1:13:06 ( 11.)
PS;;<b> 10.   49 CA Rosé since 1953 / CA Rosé                                 6:10:03
</b>            Térence Risse        1:02:03 (  4.)  Sébastien Kessler      49:25 ( 16.)
            Antoine Vullioud       50:37 (  4.)  Anouk van der Burgt    43:39 ( 14.)
            Markus Roth            29:33 ( 25.)  Lisa Schubnell         49:08 ( 28.)
            Christian Renevey    1:25:38 ( 26.)
PS;;<b> 11.   44 OL Zimmerberg Burger Pommes /                                6:16:06
</b>            Flurin Rettich       1:18:28 ( 33.)  Lukas Gasser           42:08 (  6.)
            Benjamin Klieber       54:14 ( 11.)  Aurelius Kasper        40:00 (  8.)
            Regina Neukom          36:16 ( 50.)  Flurin Rettich         53:11 ( 32.)
            Lukas Gasser         1:11:49 (  8.)
PS;;<b> 12.   29 OL Regio Burgdorf Zürchers+ /                                6:20:40
</b>            David Zürcher          58:43 (  2.)  Rahel Zürcher        1:05:11 ( 46.)
            Mischa Lubasch         49:13 (  2.)  Judith Zürcher         49:57 ( 26.)
            Ted Rubin              28:37 ( 22.)  David Zürcher          36:46 (  5.)
            Thomas Eyer          1:32:13 ( 36.)
PS;;<b> 13.   12 ANCO Hulotte / ANCO                                          6:29:30
</b>            Axel Chopard         1:13:09 ( 25.)  Jan Lauenstein         43:33 (  8.)
            Rémi Renaud            59:13 ( 17.)  Aurélie Jaquet       1:07:35 ( 55.)
            Anton Khlebnikov       29:49 ( 27.)  Axel Chopard           42:40 ( 17.)
            Jan Lauenstein       1:13:31 ( 13.)
PS;;<b> 14.   40 OLG Buchsi 2 / OLG Herzogenbuc                               6:30:21
</b>            Joël Morgenthaler    1:11:41 ( 21.)  Severin Howald         42:25 (  7.)
            Fritz Aebi           1:02:36 ( 21.)  Melanie Ridoli       1:08:02 ( 57.)
            Brigitte Howald        32:06 ( 32.)  Joël Morgenthaler      37:50 (  8.)
            Severin Howald       1:15:41 ( 15.)
PS;;<b> 15.    5 OLC Winterthur Bévilard / OLC                                6:39:08
</b>            Andreas Gabriel      1:21:28 ( 36.)  Andreas Rüedlinger     43:54 (  9.)
            Johannes Iten        1:08:27 ( 41.)  Denise Gürtler         50:19 ( 28.)
            Elin Gürtler           25:48 (  7.)  Karin Stucki           56:00 ( 42.)
            Andreas Rüedlinger   1:13:12 ( 12.)
PS;;<b> 16.   42 OL Zimmerberg Chässpätzli / OL                               6:42:52
</b>            Markus Hotz          1:15:30 ( 30.)  Lavio Müller           44:26 ( 11.)
            Jan Waldmann         1:07:23 ( 38.)  Anita Gasser           56:29 ( 48.)
            Elias Holenstein       43:04 ( 58.)  Markus Hotz            44:11 ( 19.)
            Lavio Müller         1:11:49 (  8.)
PS;;<b> 17.   28 OL Regio Burgdorf 1 / OL Regio                               6:45:13
</b>            Cyril Bucher         1:02:32 (  7.)  Ueli Stalder           58:05 ( 33.)
            Kaja Stalder         1:10:14 ( 48.)  Sebastian Schmied      44:49 ( 17.)
            Jonathan Schmied       34:23 ( 41.)  Andreas Baumgartner    54:32 ( 37.)
            Reto Giezendanner    1:20:38 ( 21.)
PS;;<b> 18.   27 OLG Wislig / OLG Weisslingen                                 6:48:49
</b>            Beat Flühmann        1:22:55 ( 41.)  Käthi Widler         1:03:39 ( 42.)
            Urs Widler             57:24 ( 14.)  Ilian Flühmann         40:06 (  9.)
            Seline Widler          25:53 (  8.)  Susanne Flühmann-Wid   56:21 ( 44.)
            Yannick Widler       1:22:31 ( 23.)
PS;;<b> 19.    8 OL Regio Olten HotShots / OL R                               6:49:32
</b>            Alexander Schwab     1:11:56 ( 22.)  Erich Bächler          54:54 ( 24.)
            Anastasija Ristova   1:08:51 ( 42.)  Michael Bur            46:53 ( 19.)
            Quirin Nachbur         37:31 ( 52.)  Alexander Schwab       42:06 ( 14.)
            Luc Iseli            1:27:21 ( 29.)
PS;;<b> 20.   61 OLC Kapreolo 2 / OLC Kapreolo                                6:50:15
</b>            Tobias Schulthess    1:13:22 ( 26.)  Loïc Fäh Sokoloff      51:49 ( 21.)
            Andreas Frank          54:41 ( 12.)  Barbara Frank          56:10 ( 46.)
            Bence Cormier          27:51 ( 18.)  Florian Frank          56:32 ( 45.)
            Manuel Baur          1:29:50 ( 31.)
PS;;<b> 21.   52 ol norska Fifty / ol norska                                  6:53:06
</b>            Michael Dubach       1:14:45 ( 29.)  Thomas Egger         1:08:35 ( 49.)
            Sandra Schärer       1:04:15 ( 33.)  Daniel Schilliger      44:31 ( 16.)
            Anja Niggli            35:17 ( 44.)  Kim Hadorn             47:14 ( 26.)
            Matthias Niggli      1:18:29 ( 18.)
PS;;<b> 22.    4 OLC Winterthur Malleray / OLC                                7:02:03
</b>            Rahel Rüedlinger     1:22:14 ( 40.)  Susanne Wydenkeller    56:56 ( 31.)
            Christoph Gürtler    1:09:44 ( 46.)  Lynn Stucki            43:56 ( 15.)
            Joelle Hinder          27:29 ( 16.)  Marlen Wälti           55:02 ( 39.)
            Andreas Hinder       1:26:42 ( 28.)
PS;;<b> 23.   20 OLC Omström Sense Ärgera / OLC                               7:02:24
</b>            Adrian Schnyder      1:31:41 ( 51.)  Jonas Vogel            44:16 ( 10.)
            Roger Vogel            52:22 (  7.)  Nathalie Julmy         54:02 ( 39.)
            Leo Schafer            29:06 ( 23.)  Stefan Schnyder      1:14:20 ( 62.)
            Jonas Vogel          1:16:37 ( 16.)
PS;;<b> 24.   43 OL Zimmerberg Risotto / OL Zim                               7:02:43
</b>            Lena Gasser          1:38:02 ( 52.)  Corsin Müller          38:50 (  5.)
            Philipp Tschannen    1:04:23 ( 34.)  Sophie Attinger        59:17 ( 51.)
            Risotti Bisang         36:13 ( 48.)  Lena Gasser            56:14 ( 43.)
            Corsin Müller        1:09:44 (  6.)
PS;;<b> 25.   26 3.5 NOS 3.5 Stäfa / OLG Stäfa/                               7:03:57
</b>            Nico Brechbühl       1:08:22 ( 19.)  Sebastian Rüegg      1:09:20 ( 51.)
            Elia Brühwiler       1:03:09 ( 26.)  Ladina Rutz            53:19 ( 36.)
            Alexandra Köhle        27:52 ( 19.)  Yanik Schwizer         54:02 ( 35.)
            Jonas Ludwig         1:27:53 ( 30.)
PS;;<b> 26.   10 OLG Murten / OLG Murten                                      7:07:36
</b>            Tobias Nagel         1:04:39 ( 12.)  Olivier Meyer          59:59 ( 37.)
            Maximilian Nagel     1:12:43 ( 49.)  Céline Guilland      1:06:47 ( 54.)
            Daniel Lehmann         34:26 ( 42.)  Sarah Berger           57:33 ( 46.)
            Florian Nagel        1:11:29 (  7.)
PS;;<b> 27.   19 OLG Pfäffikon/OLG Zürich Vompa                               7:10:20
</b>            Andrin Wey           1:14:28 ( 27.)  Lea Widmer             58:52 ( 35.)
            Nadja Rutz           1:20:48 ( 56.)  Andreas Vieli          41:06 ( 10.)
            Fynn Zwiker            32:25 ( 36.)  Katja Zwiker         1:08:02 ( 60.)
            Quentin Andrieux     1:14:39 ( 14.)
PS;;<b> 28.    1 OLG Bern Blåbär / OLG Bern                                   7:10:29
</b>            Raffael Mathys       1:17:13 ( 32.)  Kaspar Matthäus      1:34:55 ( 64.)
            Fabienne Wenger      1:08:10 ( 39.)  Lukas Matthäus         29:33 (  1.)
            Fritz Geissbühler      27:28 ( 15.)  Sandra Sutter        1:07:00 ( 58.)
            Simon Wenger         1:17:05 ( 17.)
PS;;<b> 29.   16 OLG Säuliamt Huttu-Rennsäulis                                7:19:24
</b>            Thomas Hofer         1:22:06 ( 38.)  Luca Gaia            1:01:29 ( 38.)
            Christoph Hofer      1:03:52 ( 31.)  Björn Kleebauer        39:31 (  6.)
            Katja Hofer            43:59 ( 61.)  Thomas Hofer           46:21 ( 25.)
            Luca Gaia            1:42:06 ( 54.)
PS;;<b> 30.   13 ANCO Effraie / ANCO                                          7:20:25
</b>            Gilles Renaud        1:11:58 ( 23.)  Alain Berger           51:41 ( 20.)
            Aurélien Senn        1:20:19 ( 55.)  Yaëlle Stampbach       58:24 ( 50.)
            Arthur Jaquet          21:48 (  2.)  Alain Juan           1:03:05 ( 53.)
            Alain Berger         1:33:10 ( 39.)
PS;;<b> 31.   21 OLC Omström Sense Seisa / OLC                                7:21:50
</b>            Thomas Fasel         1:25:30 ( 44.)  David Bürge            46:43 ( 13.)
            Timo Schnyder        1:08:51 ( 42.)  Nathalie Gerber      1:08:01 ( 56.)
            Bächler Josef          36:14 ( 49.)  Thomas Fasel           45:23 ( 21.)
            David Bürge          1:31:08 ( 34.)
PS;;<b> 32.   33 Cordoba OLC Coq de Bruyère / C                               7:23:02
</b>            Nik Suter-Schadegg   1:21:51 ( 37.)  Martin Oppliger        59:32 ( 36.)
            Jonas Hurter         1:08:24 ( 40.)  Judith Suter-Schadeg   51:40 ( 33.)
            Beatrice Schilling     34:02 ( 39.)  Nik Suter-Schadegg     53:14 ( 33.)
            Lukas Erne           1:34:19 ( 40.)
PS;;<b> 33.   23 OLG Basel / OLG Basel                                        7:24:12
</b>            Brian Odermatt       1:25:44 ( 45.)  Stefan Brauchli        57:34 ( 32.)
            Noël Voeste          1:04:08 ( 32.)  Annick Voeste          57:17 ( 49.)
            Markus Beyeler         37:43 ( 53.)  Brian Odermatt         45:53 ( 23.)
            Stefan Brauchli      1:35:53 ( 43.)
PS;;<b> 34.   24 UBOL ICE / UBOL/OLG Bern                                     7:25:15
</b>            Gaudenz Steinlin     1:16:35 ( 31.)  Jürg van Binsbergen  1:04:51 ( 44.)
            Simon van Binsbergen   55:59 ( 13.)  Hanna Gottschalk     1:05:03 ( 53.)
            Dario van Binsbergen   26:36 ( 12.)  Gaudenz Steinlin       45:54 ( 24.)
            Marc Eyer            1:50:17 ( 55.)
PS;;<b> 35.   56 ol.biel.seeland White Tigers /                               7:25:35
</b>            Silvan Ullmann       1:03:19 ( 10.)  Jan Schmuki            49:26 ( 17.)
            Silvan Spiess        1:08:54 ( 44.)  Leonie Spiess        1:17:17 ( 62.)
            Lorin Lorin            32:09 ( 34.)  Silvan Ullmann         35:47 (  3.)
            Ingrid Kurz          2:02:00 ( 59.)
PS;;<b> 36.   62 OLG KTV Altdorf Fondüpfannä /                                7:28:08
</b>            Thomas Hodler        1:21:11 ( 35.)  Michael Cantoni        56:24 ( 30.)
            Lara Gisler          1:09:25 ( 45.)  Regula Hodler          53:30 ( 37.)
            Matthias Marty         37:57 ( 54.)  Samuel Hodler          54:44 ( 38.)
            Michael Cantoni      1:34:57 ( 42.)
PS;;<b> 37.   22 OLG Skandia / OLG Skandia                                    7:29:43
</b>            Thomas Röthlisberger 1:02:22 (  5.)  Jürg Wälchli         1:15:11 ( 57.)
            Nicole Wühtrich      1:30:35 ( 61.)  Susanne Gerber         47:46 ( 22.)
            Laura Meister          38:23 ( 56.)  Thomas Röthlisberger   38:54 (  9.)
            Daniel Salzmann      1:36:32 ( 44.)
PS;;<b> 38.   54 Bucheggberger OL Team 1 / Buch                               7:33:05
</b>            Pascal Schmutz       1:02:38 (  8.)  Jana Jakob             58:14 ( 34.)
            Valentin Seibel        53:06 (  8.)  Amelie Krompass        55:06 ( 43.)
            Silvan Flückiger       36:28 ( 51.)  Claudio Wittwer      1:02:13 ( 52.)
            Matthias Wittwer     2:05:20 ( 63.)
PS;;<b> 39.   34 thurgorienta 1 / thurgorienta                                7:35:14
</b>            Renato Winteler      1:08:10 ( 17.)  Monika Riediker      1:12:51 ( 56.)
            Jannis Riediker        57:47 ( 15.)  Janik Good             38:47 (  4.)
            Madlaina Winteler      35:06 ( 43.)  Renato Winteler        58:38 ( 47.)
            Andrea Friedrich Win 2:03:55 ( 60.)
PS;;<b> 40.   55 Bucheggberger OL Team 2 / Buch                               7:36:10
</b>            Beat Zimmermann      1:08:35 ( 20.)  Jan Flückiger        1:09:43 ( 52.)
            Urs Jordi            1:02:51 ( 23.)  Lynn Krompass        n.klas. (    )
            Julian Zimmermann      31:02 ( 29.)  Adrian Gutknecht       59:54 ( 51.)
            Reto Flückiger       1:30:05 ( 32.)
PS;;<b> 41.   14 ANCO Chevêchette / ANCO                                      7:37:01
</b>            Jules Hamel          1:27:02 ( 48.)  Stefan Lauenstein      55:13 ( 26.)
            Noah Haussener       1:14:55 ( 51.)  Marie Boss             53:33 ( 38.)
            Matti Lauenstein       27:42 ( 17.)  Pascal Zwahlen       1:12:20 ( 61.)
            Stefan Lauenstein    1:26:16 ( 27.)
PS;;<b> 42.   48 OL Zimmerberg Marshmallow / OL                               7:39:28
</b>            Gian Rettich         1:22:06 ( 38.)  Michael Laager         55:19 ( 27.)
            Anik Bachmann        1:09:55 ( 47.)  Roger Fluri          1:12:44 ( 58.)
            Jonathan Kühne         30:20 ( 28.)  Gian Rettich           51:05 ( 29.)
            Michael Laager       1:37:59 ( 50.)
PS;;<b> 43.   31 Cordoba OLC Petit Tétras / Cor                               7:42:46
</b>            Jari Suter           1:18:51 ( 34.)  Dominik Humbel         55:01 ( 25.)
            Lukas Krayer Honegge 1:15:55 ( 53.)  Véronique Renaud Hum   51:39 ( 32.)
            Laurin Honegger        27:03 ( 13.)  Jari Suter             42:17 ( 16.)
            Dominik Humbel       n.klas. (    )
PS;;<b> 44.   15 ANCO Petit-Duc / ANCO                                        7:42:55
</b>            Philipp Khlebnikov   1:26:23 ( 46.)  Pierre Bena          1:06:09 ( 48.)
            Grégoire Bena        1:05:20 ( 36.)  Margaux Jaquet       1:14:59 ( 60.)
            Matis Zwahlen          29:21 ( 24.)  Philipp Khlebnikov     44:23 ( 20.)
            David Hamel          1:37:19 ( 48.)
PS;;<b> 45.   37 OLG Chur Bucaruias / OLG Chur                                7:42:57
</b>            Caroline Maissen-Weg 1:40:16 ( 55.)  Rico Maissen           53:04 ( 23.)
            Frank Maissen        1:22:01 ( 57.)  Livia Auer             50:17 ( 27.)
            Bianca Aebi            28:03 ( 20.)  Lynn Maissen         1:04:33 ( 54.)
            Rico Maissen         1:24:43 ( 24.)
PS;;<b> 46.    6 OLG Biberist SO LüRoHaJä / OLG                               7:46:57
</b>            Beat Roth            n.klas. (    )  Thomas Jäggi         1:11:31 ( 54.)
            Martin Gygax         1:03:11 ( 27.)  Malin Lüthi            46:57 ( 20.)
            Brigitte Hammer        33:26 ( 38.)  Beat Roth              42:46 ( 18.)
            Lotta Marit Lüthi    1:25:06 ( 25.)
PS;;<b> 47.   64 OLG Thun Rohrimoos / OLG Thun                                7:48:48
</b>            Nicolas Müller       1:07:55 ( 16.)  Beat Jakob           1:25:02 ( 62.)
            Andina Wagner        1:05:16 ( 35.)  Norina Strasser        51:23 ( 29.)
            Meo Schild             35:50 ( 47.)  Daniela Meyerhans    1:07:10 ( 59.)
            Fabienne Jakob       1:37:14 ( 47.)
PS;;<b> 48.   51 ol norska Cinquante / ol norsk                               7:51:07
</b>            Michael Eglin        1:25:18 ( 43.)  Irène Eglin          1:01:49 ( 39.)
            Samuel Sterchi       1:53:15 ( 65.)  Katrin Sterchi         51:35 ( 31.)
            Urs Steiner            38:18 ( 55.)  Lars Niggli            45:29 ( 22.)
            Janis Gwerder        1:36:38 ( 45.)
PS;;<b> 49.   41 OL Zimmerberg Hörnli Ghackets                                7:56:39
</b>            Daniel Borner        1:14:30 ( 28.)  Damian Köptli        1:04:51 ( 44.)
            Katrin Rettich       1:25:06 ( 58.)  Sophia Bernasconi      56:24 ( 47.)
            Valentin Kühne         40:54 ( 57.)  Daniel Borner          42:15 ( 15.)
            Damian Köptli        1:52:39 ( 57.)
PS;;<b> 50.   46 OL Zimmerberg Wurst&Brot / OL                                7:58:59
</b>            Liliane Suter        1:51:20 ( 60.)  Andrina Hotz         1:02:43 ( 40.)
            Viviane Seiz         1:03:46 ( 30.)  Sanjana Klieber        48:15 ( 23.)
            Miriam Isenring        32:08 ( 33.)  Jan Hug                58:56 ( 48.)
            Michael Gasser       1:41:51 ( 52.)
PS;;<b> 51.   17 OLG Säuliamt Huttu-Kampfsäulis                               7:59:12
</b>            Helena Laasch        1:50:16 ( 59.)  Severin Laasch         55:29 ( 28.)
            Patrik Eugster       1:01:23 ( 20.)  Jael Hirschi           55:30 ( 44.)
            Jill Roth              52:12 ( 63.)  Helena Laasch          55:05 ( 40.)
            Andreas Neuenschwand 1:31:29 ( 35.)
PS;;<b> 52.    9 OL Regio Olten Cervelatprominä                               7:59:21
</b>            Hans Welti           1:27:15 ( 49.)  Yvonne Welti         1:17:41 ( 58.)
            Matthias Schlegel    1:02:36 ( 21.)  Max Hofmeier           42:16 ( 12.)
            Minna Gmür             29:38 ( 26.)  Katja Lüscher        n.klas. (    )
            Christoph Hümbelin   1:37:55 ( 49.)
PS;;<b> 53.   36 thurgorienta 3 / thurgorienta                                7:59:51
</b>            Simon Monai          1:38:37 ( 54.)  Gil Meyer              52:53 ( 22.)
            Werner Jäckle        1:28:52 ( 59.)  Ursina Bächi           55:41 ( 45.)
            Markus Good          1:07:42 ( 65.)  Lio Weber              53:24 ( 34.)
            Tobias Grob          1:20:24 ( 20.)
PS;;<b> 54.   45 OL Zimmerberg Älplermaggrone /                               8:03:41
</b>            Anna Rettich         1:41:48 ( 58.)  Simon Hatt           1:09:07 ( 50.)
            Chris Seitz          1:03:33 ( 29.)  Mareike Kühn         1:25:31 ( 63.)
            Curdin Hotz            26:24 ( 11.)  Marc Breitenmoser      54:14 ( 36.)
            Viktor Toman         1:34:35 ( 41.)
PS;;<b> 55.   57 ol.biel.seeland bise-1 / ol.bi                               8:08:07
</b>            Peter Gehriger       1:40:20 ( 56.)  Aline Schmuki          55:44 ( 29.)
            Jael Wälti           1:03:17 ( 28.)  Luzius Peter           51:55 ( 34.)
            Therese Hohl           32:36 ( 37.)  Pekka Marti            59:08 ( 49.)
            Patrick Wegmann      2:05:07 ( 62.)
PS;;<b> 56.   65 OLG Thun Aeschlenalp / OLG Thu                               8:13:49
</b>            Markus Hess          2:10:17 ( 61.)  Regula Wagner        1:20:47 ( 61.)
            Reto Züblin          1:00:47 ( 19.)  Miro Wagner            52:25 ( 35.)
            Timea Wagner           34:16 ( 40.)  Patrik Meier           49:07 ( 27.)
            Noé Zahnd            1:32:27 ( 37.)
PS;;<b> 57.   38 OLG Chur Gugglis / OLG Chur                                  8:19:57
</b>            Philipp Sauter       n.klas. (    )  Christian Scherrer   1:03:04 ( 41.)
            Flurin Mahler        1:34:49 ( 62.)  Luca Mattia Caprez     42:19 ( 13.)
            Nayeli Rahm            32:12 ( 35.)  Helena Richter         55:50 ( 41.)
            Fynn Füchslin        1:30:32 ( 33.)
PS;;<b> 58.   32 Cordoba OLC Plus de tétras / C                               8:20:45
</b>            Oskar Klockar        1:40:32 ( 57.)  Thomas Huber         1:04:46 ( 43.)
            Patrick Zehnder      1:18:29 ( 54.)  Cornelia Okle        1:12:50 ( 59.)
            Margrit Gerritsen      35:26 ( 46.)  Oskar Klockar          51:44 ( 30.)
            Achilles Humbel      1:36:58 ( 46.)
PS;;<b> 59.   25 UBOL TGV / UBOL                                              8:30:48
</b>            Sven Moosberger      1:24:38 ( 42.)  Franziska Grossenbac 1:20:24 ( 60.)
            Konrad Ehrbar        1:15:09 ( 52.)  Cornelia Ehrbar      1:17:06 ( 61.)
            Edris Moosberger       35:21 ( 45.)  Christian Wüthrich     59:16 ( 50.)
            Lorenz Eugster       1:42:00 ( 53.)
PS;;<b> 60.   47 OL Zimmerberg Fajitas / OL Zim                               8:31:37
</b>            Lea Rettich          2:11:19 ( 62.)  Urs Utzinger         1:05:11 ( 46.)
            Reto Müller          1:03:07 ( 25.)  Sergio Zanelli         51:25 ( 30.)
            Claudia Fluri        1:00:53 ( 64.)  Lea Rettich          1:05:15 ( 56.)
            Urs Utzinger         1:32:39 ( 38.)
PS;;<b> 61.   58 ol.biel.seeland bise-2 / ol.bi                               8:44:49
</b>            Johann Kervarec      1:38:23 ( 53.)  Michael Steinauer    1:29:14 ( 63.)
            Ueli Hofstetter      1:44:59 ( 64.)  Svenja Zwahlen         48:52 ( 24.)
            Marie-Anne Jungo       31:17 ( 30.)  Johann Kervarec        51:49 ( 31.)
            Michael Steinauer    1:58:28 ( 58.)
PS;;<b> 62.   53 ol norska Cinquanta / ol norsk                               8:46:12
</b>            Daniel Hadorn        1:28:55 ( 50.)  Karin Hodel          1:11:57 ( 55.)
            Manuela Schärer      1:29:54 ( 60.)  Andrea Zingg         1:04:10 ( 52.)
            Monika Dubach          44:01 ( 62.)  Johanna Bergmann     1:05:53 ( 57.)
            Stefan Zingg         1:41:22 ( 51.)
PS;;<b> 63.   35 thurgorienta 2 / thurgorienta                                8:47:40
</b>            Christian Gysin      n.klas. (    )  Andrea Good          1:10:23 ( 53.)
            Linus Gysin            59:50 ( 18.)  Danielle Vuichard Gy   54:35 ( 41.)
            Muriel Gysin           43:19 ( 59.)  Melina Riediker      1:04:51 ( 55.)
            Christian Gerlach    1:50:42 ( 56.)
PS;;<b> 64.    2 OLG Bern Björnbär / OLG Bern                                 9:09:03
</b>            Laura Diener         1:26:59 ( 47.)  Michael Wehrli       1:39:27 ( 65.)
            Karin Geissbühler    1:13:49 ( 50.)  Schärer Jonas          54:22 ( 40.)
            Bettina Ruf            43:19 ( 59.)  Kinga Csécs          1:27:51 ( 63.)
            Drapp Axel           2:04:34 ( 61.)
PS;;<b> 65.   59 ol.biel.seeland bise-3 / ol.bi                               9:17:43
</b>            Sven Hellmüller      1:06:00 ( 15.)  Robert Hegi          1:19:55 ( 59.)
            Alina Fadel          1:36:06 ( 63.)  Vera Frutig          1:32:04 ( 64.)
            Christoph Boldini      31:48 ( 31.)  Kaja Hegi            1:40:05 ( 64.)
            Jan Glauser          n.klas. (    )
