JCD;;<b>  1.      NWK ZH SH 1                                                  2:22:06
</b>            Mira Werder            32:50 (  4.)  Nayeli Rahm            32:06 (  3.)
            Coralie Waldner        39:30 (  4.)  Bigna Hotz             37:40 (  2.)
                                         (    )                               (    )
JCD;;<b>  2.      NWK BE/SO 1                                                  2:23:25
</b>            Lotta Marit Lüthi      32:40 (  3.)  Anja Niggli            29:44 (  1.)
            Rachel Marxer          39:15 (  2.)  Sadie Jans             41:46 (  5.)
                                         (    )                               (    )
JCD;;<b>  3.      NWK ZH/SH 2                                                  2:36:21
</b>            Seraina Baer           32:32 (  2.)  Seline Widler          32:31 (  4.)
            Ladina Gasser          42:34 (  8.)  Liah Senn              48:44 ( 16.)
                                         (    )                               (    )
JCD;;<b>  4.      NWK BE/SO 2                                                  2:41:11
</b>            Malin Niggli           38:03 (  8.)  Minna Gmür             33:50 (  7.)
            Aline Schmuki          40:17 (  5.)  Marilie Schwarz        49:01 ( 17.)
                                         (    )                               (    )
JCD;;<b>  5.      NWK NOS 1                                                    2:42:54
</b>            Rahel Good             32:23 (  1.)  Svenja Feurer          38:51 (  9.)
            Melina Riediker        50:59 ( 19.)  Analia Reubi           40:41 (  4.)
                                         (    )                               (    )
JCD;;<b>  6.      NWK ZH/SH 3                                                  2:43:44
</b>            Aline Geiges           45:04 ( 18.)  Leana Heiner           33:20 (  5.)
            Minna Senn             42:57 (  9.)  Lynn Stucki            42:23 (  8.)
                                         (    )                               (    )
JCD;;<b>  7.      NWK AG 1                                                     2:44:38
</b>            Lenia Grimm            35:44 (  5.)  Anouk Bertschi         42:30 ( 11.)
            Kati Hotz              43:23 ( 10.)  Lynn Steiner           43:01 (  9.)
                                         (    )                               (    )
JCD;;<b>  8.      ZesOLNak + NWK GR/GL 1                                       2:44:52
</b>            Luisa Gartmann         45:10 ( 19.)  Corina Aebi            35:36 (  8.)
            Leonie Mathis          37:47 (  1.)  Fiona Ehrler           46:19 ( 14.)
                                         (    )                               (    )
JCD;;<b>  9.      NWK BE/SO 3                                                  2:47:51
</b>            Andina Wagner          42:17 ( 13.)  Céline Aeschlimann     33:38 (  6.)
            Samira Meier           46:12 ( 12.)  Mia Röthlisberger      45:44 ( 13.)
                                         (    )                               (    )
JCD;;<b> 10.      NWK NWS 1                                                    2:49:42
</b>            Laurianne Plattner     42:28 ( 14.)  Emelie Maier           47:46 ( 16.)
            Charlotte Plattner     42:24 (  6.)  Carla Castelli         37:04 (  1.)
                                         (    )                               (    )
JCD;;<b> 11.      NWK NOS 2                                                    2:58:55
</b>            Lena Schweizer         42:04 ( 12.)  Niculina Reubi         44:53 ( 14.)
            Leonie Benz            49:54 ( 17.)  Madlaina Reubi         42:04 (  7.)
                                         (    )                               (    )
JCD;;<b> 12.      NWK AG 2                                                     2:58:58
</b>            Noée Treier            39:54 (  9.)  Julie Mürner           52:04 ( 18.)
            Annalena Zinniker      46:24 ( 13.)  Nina Busslinger        40:36 (  3.)
                                         (    )                               (    )
JCD;;<b> 13.      Sele TI 1                                                    3:00:17
</b>            Lucia Baumgartner      41:42 ( 10.)  Fabienne Piattini      44:41 ( 13.)
            Emma Kocsis            47:30 ( 15.)  Selina Castelli        46:24 ( 15.)
                                         (    )                               (    )
JCD;;<b> 14.      NWK AG 3                                                     3:01:53
</b>            Mia Steiner            36:50 (  7.)  Alina Kretz            55:19 ( 20.)
            Sarina Okle            47:54 ( 16.)  Lisa Thoma             41:50 (  6.)
                                         (    )                               (    )
JCD;;<b> 15.      NWK NOS 3                                                    3:02:40
</b>            Sina Gasser            42:34 ( 15.)  Sanna Böni             44:26 ( 12.)
            Jana Jakob             50:20 ( 18.)  Lorena Schegg          45:20 ( 11.)
                                         (    )                               (    )
JCD;;<b> 16.      Sele TI 2                                                    3:09:51
</b>            Luna Hohl              51:02 ( 23.)  Alessia Asmus          41:50 ( 10.)
            Valentina Quadri       47:18 ( 14.)  Viola Amadò            49:41 ( 18.)
                                         (    )                               (    )
JCD;;<b> 17.      ZesOLNak + NWK GR/GL 2                                       3:17:46
</b>            Laura Wipfli           36:40 (  6.)  Julia Nadler           51:23 ( 17.)
            Hanna Gathercole       58:45 ( 22.)  Enja Weber             50:58 ( 20.)
                                         (    )                               (    )
JCD;;<b> 18.      NWK NWS 2                                                    3:19:55
</b>            Anaëlle Müller         44:53 ( 17.)  Anouk Hufschmid        47:15 ( 15.)
            Anina Roth           1:02:13 ( 23.)  Sophie Neumann         45:34 ( 12.)
                                         (    )                               (    )
JCD;;<b> 19.      NWK BE/SO 4                                                  3:20:01
</b>            Lynn Gmür              43:13 ( 16.)  Michèle Aeschlimann    53:41 ( 19.)
            Elin Neuenschwander    42:24 (  6.)  Maëlle Mürner        1:00:43 ( 22.)
                                         (    )                               (    )
JCD;;<b> 20.      ZesOLNak + NWK GR/GL 4                                       3:31:49
</b>            Lynn Maissen           41:49 ( 11.)  Selina Henggeler     1:12:51 ( 23.)
            Lina Weber             51:57 ( 20.)  Bianca Aebi            45:12 ( 10.)
                                         (    )                               (    )
JCD;;<b> 21.      Cadre romand 1                                               3:38:13
</b>            Margaux Jaquet       1:18:39 ( 27.)  Émilie Guyot           30:53 (  2.)
            Justine Hamel          39:15 (  2.)  Marie Boss           1:09:26 ( 24.)
                                         (    )                               (    )
JCD;;<b> 22.      Mixed romand/NOS                                             3:48:29
</b>            Elizabeth Grasset      54:53 ( 24.)  Madlaina Winteler    1:10:45 ( 22.)
            Heather High           52:25 ( 21.)  Sarah Tinner           50:26 ( 19.)
                                         (    )                               (    )
JCD;;<b> 23.      ZesOLNak + NWK GR/GL 3                                       3:50:34
</b>            Jill Nietlispach     1:13:03 ( 26.)  Julia Gujan            55:28 ( 21.)
            Nina Gujan             43:34 ( 11.)  Eleni Janett           58:29 ( 21.)
                                         (    )                               (    )
JCD;;<b>          Mixed GR/BE/ZH                                                   DNF
</b>            Joelle Hinder          49:37 ( 20.)  Vakant Vakant        n.klas. (    )
            vakant vakant        n.klas. (    )  Sophie Hug           1:08:59 ( 23.)
                                         (    )                               (    )
JCD;;<b>          Mixed ZH/TI                                                      DNF
</b>            Elin Gürtler           50:22 ( 22.)  Vakant Vakant        n.klas. (    )
            Vakant Vakant        n.klas. (    )  Vakant Vakant        n.klas. (    )
                                         (    )                               (    )
JCD;;<b>          NWK AG Single 2                                                  DNF
</b>            Ronja Frey             50:10 ( 21.)  Vakant Vakant        n.klas. (    )
            Vakant Vakant        n.klas. (    )  Vanakt Vakant        n.klas. (    )
                                         (    )                               (    )
JCD;;<b>          NWK AG Single 1                                                  DNF
</b>            Marta Grauze           59:41 ( 25.)  Vakant Vakant        n.klas. (    )
            Vakant Vakant        n.klas. (    )  Vakant Vakant        n.klas. (    )
                                         (    )                               (    )
JCH;;<b>  1.      ZesOLNak + NWK GR/GL 1                                       2:31:32
</b>            Aidan Mckenna          39:51 (  7.)  Florian Steiner        28:58 (  3.)
            Corsin Müller          43:54 (  1.)  Andri Aebi             38:49 (  2.)
                                         (    )                               (    )
JCH;;<b>  2.      NWK BE/SO 1                                                  2:35:53
</b>            Lukas Matthäus         37:38 (  2.)  Lars Niggli            27:08 (  1.)
            Andrin Meier           51:22 ( 13.)  Taavi Caboussat        39:45 (  7.)
                                         (    )                               (    )
JCH;;<b>  3.      Cadre romand 1                                               2:38:16
</b>            Jules Hamel            39:54 (  8.)  Erik Lauenstein        27:16 (  2.)
            Jonas Vogel            50:26 ( 10.)  Romain Hediger         40:40 (  9.)
                                         (    )                               (    )
JCH;;<b>  4.      NWK ZH/SH 1                                                  2:41:26
</b>            Janis Kuhn             40:00 (  9.)  Dimitri Küenzi         33:08 (  4.)
            David Baumberger       48:54 (  7.)  Laurin Kuhn            39:24 (  4.)
                                         (    )                               (    )
JCH;;<b>  5.      NWK ZH/SH 2                                                  2:43:21
</b>            Flurin Rettich         39:36 (  3.)  Cyrill Kuhn            33:52 (  6.)
            Leander Wylenmann      45:01 (  3.)  Jorin Mohn             44:52 ( 16.)
                                         (    )                               (    )
JCH;;<b>  6.      NWK AG 1                                                     2:43:27
</b>            Silas Lützelschwab     40:15 ( 10.)  Samuel Bieri           33:32 (  5.)
            Dario Dauwalder        49:29 (  9.)  Maxim Bertschi         40:11 (  8.)
                                         (    )                               (    )
JCH;;<b>  7.      Sele TI 1                                                    2:47:31
</b>            Liam Malnati           39:40 (  4.)  Sebastiano Amaro       35:46 ( 12.)
            Gioele Chiodoni        52:23 ( 15.)  Giulio Romagna         39:42 (  5.)
                                         (    )                               (    )
JCH;;<b>  8.      NWK ZH/SH 5                                                  2:52:20
</b>            Manuel Gasser          39:47 (  6.)  Joshua Hückstädt       34:19 (  7.)
            Jan Leisinger          48:15 (  5.)  Ilian Flühmann         49:59 ( 25.)
                                         (    )                               (    )
JCH;;<b>  9.      NWK NWS 2                                                    2:54:55
</b>            Theo Böhm              41:45 ( 12.)  Levi Neumann           38:54 ( 13.)
            Nils Pachlatko         55:13 ( 22.)  Lukas Studer           39:03 (  3.)
                                         (    )                               (    )
JCH;;<b> 10.      NWK NOS 1                                                    2:55:01
</b>            Jonas Ludwig           48:25 ( 19.)  Jonathan Latscha       40:16 ( 14.)
            Joel Schweizer         50:54 ( 12.)  Andri Burkhart         35:26 (  1.)
                                         (    )                               (    )
JCH;;<b> 11.      NWK NOS 2                                                    2:55:15
</b>            Jonas Niedermann       40:18 ( 11.)  Jonin Burkhart         46:21 ( 22.)
            Mike Rechberger        48:54 (  7.)  Janik Good             39:42 (  5.)
                                         (    )                               (    )
JCH;;<b> 12.      NWK NWS 1                                                    2:56:02
</b>            Gabriel Dorn           42:09 ( 14.)  Laurin Harlacher       34:56 (  9.)
            Finn Alabor            54:16 ( 20.)  Linus Pusterla         44:41 ( 14.)
                                         (    )                               (    )
JCH;;<b> 13.      NWK ZH/SH 4                                                  3:01:07
</b>            Loïc Fäh Sokoloff      39:41 (  5.)  Silas Kehrli           46:53 ( 23.)
            Stefan Zölly           46:49 (  4.)  Loris Jäger            47:44 ( 20.)
                                         (    )                               (    )
JCH;;<b> 14.      ZesOLNak + NWK GR/GL 2                                       3:01:59
</b>            Simon van Binsbergen   49:10 ( 22.)  Dmitrii Menshikov      41:29 ( 17.)
            Gian Marco Comte       48:47 (  6.)  Dario van Binsbergen   42:33 ( 13.)
                                         (    )                               (    )
JCH;;<b> 15.      NWK BE/SO 2                                                  3:07:13
</b>            Julian Schmied         45:35 ( 16.)  Flurin Schwarz         40:34 ( 15.)
            Janis Gwerder          53:24 ( 18.)  Laurin Gwerder         47:40 ( 19.)
                                         (    )                               (    )
JCH;;<b> 16.      NWK AG 3                                                     3:07:20
</b>            Tobias Sebastian Ste   51:33 ( 24.)  Henry Wymann           34:56 (  9.)
            Yanis Lützelschwab     52:57 ( 16.)  Timo Treier            47:54 ( 21.)
                                         (    )                               (    )
JCH;;<b> 17.      NWK ZH/SH 3                                                  3:07:35
</b>            Nicolas Mohn           37:30 (  1.)  Flurin Anhorn        1:03:07 ( 30.)
            Gratian Böhi           44:33 (  2.)  Florian Frank          42:25 ( 12.)
                                         (    )                               (    )
JCH;;<b> 18.      NWK AG 2                                                     3:10:09
</b>            Bernhard Bieri         51:36 ( 25.)  Laurin Honegger        35:28 ( 11.)
            Simon Buser            53:43 ( 19.)  Kasimir Graber         49:22 ( 22.)
                                         (    )                               (    )
JCH;;<b> 19.      Sele TI 3                                                    3:13:22
</b>            Federico Bonini        52:43 ( 28.)  Giona Robadey          43:28 ( 20.)
            Mattia Astori          52:22 ( 14.)  Martino Amaro          44:49 ( 15.)
                                         (    )                               (    )
JCH;;<b> 20.      NWK BE/SO 4                                                  3:13:27
</b>            Lino Meier             51:32 ( 23.)  Robin Wiedmer          34:44 (  8.)
            Rémi Renaud            57:26 ( 25.)  Laurin Zettel          49:45 ( 24.)
                                         (    )                               (    )
JCH;;<b> 21.      NWK BE/SO 3                                                  3:15:21
</b>            Léon Wiedmer           45:41 ( 17.)  Ted Rubin              40:47 ( 16.)
            Andreas Neuenschwand   54:29 ( 21.)  Andrin Wegmüller       54:24 ( 29.)
                                         (    )                               (    )
JCH;;<b> 22.      Cadre romand 3                                               3:18:47
</b>            Carl Habermayr         49:06 ( 21.)  Jonathan Rossier       41:30 ( 18.)
            Maximilian Nagel       57:49 ( 26.)  Noah Haussener         50:22 ( 27.)
                                         (    )                               (    )
JCH;;<b> 23.      Sele TI 2                                                    3:18:56
</b>            John Asmus             51:49 ( 26.)  Olmo Rigamonti         54:32 ( 27.)
            Diego Lavezzo          50:28 ( 11.)  Gioele Bizzozero       42:07 ( 10.)
                                         (    )                               (    )
JCH;;<b> 24.      Casa da Horgen                                               3:24:56
</b>            Linus Gysin            48:30 ( 20.)  Jan Pachlatko          47:36 ( 24.)
            Enea Rossi             56:16 ( 24.)  Dario Vannini          52:34 ( 28.)
                                         (    )                               (    )
JCH;;<b> 25.      Cadre romand 4                                               3:30:02
</b>            Samuel Boss            47:40 ( 18.)  Matti Lauenstein       42:15 ( 19.)
            Aurélien Senn        1:09:49 ( 31.)  Andrea Jaquet          50:18 ( 26.)
                                         (    )                               (    )
JCH;;<b> 26.      Cadre romand 2                                               3:33:43
</b>            James Hottinger        52:05 ( 27.)  Matthieu Rossier       43:54 ( 21.)
            Elia Schnyder          52:58 ( 17.)  Arthur Jaquet        1:04:46 ( 30.)
                                         (    )                               (    )
JCH;;<b> 27.      NWK NWS 3                                                    3:36:50
</b>            Tim Pachlatko          59:35 ( 29.)  Yoann Müller           51:10 ( 26.)
            Noël Voeste            58:50 ( 27.)  Levin Hürlimann        47:15 ( 18.)
                                         (    )                               (    )
JCH;;<b> 28.      Mixed BE/ZH                                                  3:48:20
</b>            Nils Okle            1:09:25 ( 31.)  Janosch Küenzi       1:01:11 ( 29.)
            Benjamin Klieber       55:33 ( 23.)  Linus Roth             42:11 ( 11.)
                                         (    )                               (    )
JCH;;<b> 29.      ZesOLNak + NWK GR/GL 3                                       3:56:48
</b>            Rico Maissen           41:55 ( 13.)  Elias Bieri          1:07:48 ( 31.)
            Severin Moser        1:00:25 ( 28.)  Linus Wymann         1:06:40 ( 31.)
                                         (    )                               (    )
JCH;;<b> 30.      Mixed ZH/NWS                                                 3:56:54
</b>            Nicolas Dinner         45:21 ( 15.)  Jonas Ankli            56:39 ( 28.)
            Yannick Widler       1:01:14 ( 30.)  Maurice Schulthess   1:13:40 ( 32.)
                                         (    )                               (    )
JCH;;<b>          NWK NOS 3                                                    n.klas.
</b>            Alexej Schweizer     n.klas. (    )  Simeon Sterren         47:37 ( 25.)
            Jannis Riediker      1:00:57 ( 29.)  Yannis Bähler          47:13 ( 17.)
                                         (    )                               (    )
JCH;;<b>          Cadre romand 3 single                                            DNF
</b>            Robin Pellaton         59:51 ( 30.)  Vakant Vakant        n.klas. (    )
            Vakant Vakant        n.klas. (    )  Vakant Vakant        n.klas. (    )
                                         (    )                               (    )
