OS;;<b>  1.      aarGs                                                        2:14:55
</b>            Lilly Graber           34:39 (  4.)  Lynn Steiner           32:38 (  4.)
            Kasimir Graber         26:15 (  3.)  Nick Gebert            41:23 (  9.)
                                         (    )                               (    )
OS;;<b>  2.      ol norska Nigglis                                            2:22:55
</b>            Simone Niggli          34:55 (  5.)  Anja Niggli            34:32 (  8.)
            Lars Niggli            26:57 (  4.)  Matthias Niggli        46:31 ( 18.)
                                         (    )                               (    )
OS;;<b>  3.      OLC Omström Sense Dream Team                                 2:25:14
</b>            Roger Vogel            35:54 ( 10.)  Erich Bächler          36:48 ( 10.)
            David Bürge            29:49 (  8.)  Elias Schafer          42:43 ( 12.)
                                         (    )                               (    )
OS;;<b>  4.      OLV Baselland                                                2:26:06
</b>            Laura Ramstein         39:06 ( 15.)  Thomas Frei            39:52 ( 17.)
            Marc Weber             27:55 (  6.)  Tino Polsini           39:13 (  4.)
                                         (    )                               (    )
OS;;<b>  5.      Cordoba OLC/Lägerngrat                                       2:27:57
</b>            Ylvi Kastner           37:59 ( 13.)  Laurin Honegger        39:13 ( 14.)
            Siri Suter             32:10 ( 12.)  Timo Suter             38:35 (  3.)
                                         (    )                               (    )
OS;;<b>  6.      OLK Argus - Big Boyz                                         2:30:02
</b>            Oliver Grimm           35:57 ( 11.)  Daniel Hotz            31:15 (  1.)
            Oliver Lienhard        29:15 (  7.)  Michael Wild           53:35 ( 29.)
                                         (    )                               (    )
OS;;<b>  7.      ol norska geheimtipp                                         2:32:38
</b>            Sarina Kyburz          34:25 (  3.)  Annemarie Binggeli     37:06 ( 11.)
            Karin Hodel            44:28 ( 35.)  Matthias Kyburz        36:39 (  1.)
                                         (    )                               (    )
OS;;<b>  8.      OLG Herzogenbuchsee 1                                        2:33:23
</b>            Katja Birrer           41:40 ( 22.)  Marc Streit            39:42 ( 16.)
            Mathias Birrer         27:51 (  5.)  Severin Howald         44:10 ( 14.)
                                         (    )                               (    )
OS;;<b>  9.      OLK Argus - Hübsche(r) Ladies                                2:35:10
</b>            Eline Gemperle         43:58 ( 25.)  Susanne Grimm          31:28 (  2.)
            Marita Hotz            30:22 (  9.)  Rico Hübscher          49:22 ( 22.)
                                         (    )                               (    )
OS;;<b> 10.      OLG Skandia Ruch+                                            2:35:28
</b>            Martina Ruch           35:00 (  6.)  Ruth Ruch              54:55 ( 39.)
            Jannis Schönleber      24:23 (  2.)  Remo Ruch              41:10 (  8.)
                                         (    )                               (    )
OS;;<b> 11.      ol norska aeschlis + the rocke                               2:40:29
</b>            Beatrice Aeschlimann   39:06 ( 15.)  Michèle Aeschlimann    43:44 ( 21.)
            Céline Aeschlimann     37:23 ( 19.)  Ueli Werren            40:16 (  6.)
                                         (    )                               (    )
OS;;<b> 12.      SCOM-OLVB-OLRW                                               2:41:42
</b>            Sofie Bachmann         34:20 (  2.)  Filippo Pezzati      1:02:58 ( 43.)
            Janis Hutzli           22:58 (  1.)  Tobia Pezzati          41:26 ( 10.)
                                         (    )                               (    )
OS;;<b> 13.      CA Rosé                                                      2:42:32
</b>            Godefroy Schrago       45:43 ( 27.)  Marie-Luce Romanens    33:16 (  5.)
            Valérie Suter          42:53 ( 34.)  Térence Risse          40:40 (  7.)
                                         (    )                               (    )
OS;;<b> 14.      OLG Thun - Niederhorn                                        2:45:09
</b>            Silvio Zahnd           41:42 ( 23.)  Maël Zettel            54:08 ( 38.)
            Patrik Meier           31:05 ( 11.)  Dominic Müller         38:14 (  2.)
                                         (    )                               (    )
OS;;<b> 15.      ol norska saubere querläufer                                 2:46:29
</b>            Rolf Hauswirth         34:17 (  1.)  Simone Aeberhard       32:09 (  3.)
            Samuel Sterchi         46:28 ( 38.)  Gilbert Roulier        53:35 ( 29.)
                                         (    )                               (    )
OS;;<b> 16.      OLG Bern - Eisbär                                            2:47:09
</b>            Anja Probst            36:59 ( 12.)  Dimitri Hirter         50:37 ( 35.)
            Michael Scheurer       30:41 ( 10.)  Thomas Hirter          48:52 ( 21.)
                                         (    )                               (    )
OS;;<b> 17.      OLG Bern - Braunbär                                          2:49:47
</b>            Nina Probst            39:32 ( 18.)  Roland Schütz          46:46 ( 27.)
            Marc Ebneter           32:12 ( 13.)  Simon Wenger           51:17 ( 24.)
                                         (    )                               (    )
OS;;<b> 18.      Cordoba OLC/ Humbel-Team                                     2:52:05
</b>            Dominik Humbel         39:16 ( 17.)  Ruth Humbel            46:01 ( 24.)
            Véronique Renaud Hum   41:03 ( 29.)  Simon Humbel           45:45 ( 16.)
                                         (    )                               (    )
OS;;<b> 19.      Cordoba OLC/Busnummer 6                                      2:54:01
</b>            Hanna Honegger         39:39 ( 20.)  Christine Klockar      50:15 ( 33.)
            Lukas Krayer Honegge   38:29 ( 23.)  Jari Suter             45:38 ( 15.)
                                         (    )                               (    )
OS;;<b> 20.      Cordoba OLC/Baldegg-Horn                                     2:54:29
</b>            Maya Kastner           45:58 ( 28.)  Johanna Purrer         41:42 ( 18.)
            Oskar Klockar          44:46 ( 36.)  Dario Dauwalder        42:03 ( 11.)
                                         (    )                               (    )
OS;;<b> 21.      OLG Huttwil Feldhase                                         2:58:43
</b>            Lukas Müller           35:43 (  9.)  Christine Kurzen       44:23 ( 22.)
            Anna Müller-Strub      46:53 ( 39.)  Thomas Hofer           51:44 ( 25.)
                                         (    )                               (    )
OS;;<b> 22.      OLG Murten                                                   3:01:14
</b>            Siegfried Nagel        46:46 ( 30.)  Christian Beglinger    39:24 ( 15.)
            Nicole Kopp            40:59 ( 28.)  Lars Beglinger         54:05 ( 31.)
                                         (    )                               (    )
OS;;<b> 23.      OLG Thun - Stockhorn                                         3:01:57
</b>            Christian Zettel       54:02 ( 36.)  Claudia Zettel         50:32 ( 34.)
            Noé Zahnd              37:22 ( 17.)  Florian Schneider      40:01 (  5.)
                                         (    )                               (    )
OS;;<b> 24.      OL Regio Burgdorf Krokussli                                  3:02:43
</b>            Susann Furrer          45:26 ( 26.)  Monika Ammann          43:15 ( 20.)
            Pierre Furrer          37:22 ( 17.)  Dominique Bucher       56:40 ( 36.)
                                         (    )                               (    )
OS;;<b> 25.      OLG Herzogenbuchsee 2                                        3:03:14
</b>            Anna Gasser            35:34 (  8.)  Christine Burch        51:01 ( 36.)
            Fritz Aebi             33:41 ( 14.)  Daniel Sollberger    1:02:58 ( 43.)
                                         (    )                               (    )
OS;;<b> 26.      Cordoba OLC/ Rüss                                            3:03:37
</b>            Lukas Erne             42:58 ( 24.)  Martina Erne-Hotz      37:07 ( 12.)
            Pia Schaffner          55:03 ( 44.)  Jan Erne               48:29 ( 20.)
                                         (    )                               (    )
OS;;<b> 27.      OLG Herzogenbuchsee 3                                        3:05:50
</b>            Inès Berger            35:09 (  7.)  Brigitte Howald        47:55 ( 28.)
            Samuel Meyer           50:13 ( 41.)  Joël Morgenthaler      52:33 ( 28.)
                                         (    )                               (    )
OS;;<b> 28.      bussola ok                                                   3:06:42
</b>            Markus Gerber          38:53 ( 14.)  Andrea Gerber        1:06:20 ( 44.)
            Christoph Egli         37:48 ( 22.)  Ricardo Schaniel       43:41 ( 13.)
                                         (    )                               (    )
OS;;<b> 29.      COMulhouse Waggis                                            3:11:19
</b>            Aurélie Harnist        53:24 ( 34.)  Caroline Harnist       34:02 (  7.)
            Marion Harnist         41:55 ( 30.)  Mathieu Harnist      1:01:58 ( 40.)
                                         (    )                               (    )
OS;;<b> 30.      ol.biel.seeland                                              3:12:31
</b>            Christian Aebersold    39:34 ( 19.)  Gaby Aebersold-Schüt   46:37 ( 26.)
            Robert Hegi            42:08 ( 31.)  Johann Kervarec      1:04:12 ( 45.)
                                         (    )                               (    )
OS;;<b> 31.      OLK Wiggertal                                                3:14:09
</b>            Eveline Husner         46:38 ( 29.)  Ronja Frey             38:29 ( 13.)
            Marius Hürzeler        39:17 ( 25.)  Matthias Althaus     1:09:45 ( 46.)
                                         (    )                               (    )
OS;;<b> 32.      OL Regio Burgdorf Schneeglöggl                               3:22:56
</b>            Franziska Wolleb Eye   40:37 ( 21.)  Susanne Christen       56:27 ( 41.)
            Thomas Christen        42:34 ( 33.)  Thomas Eyer          1:03:18 ( 44.)
                                         (    )                               (    )
OS;;<b> 33.      OL Zimmerberg                                                3:26:05
</b>            Katrin Rettich       1:08:00 ( 44.)  Anita Gasser           48:29 ( 31.)
            Marco Breitenmoser     37:25 ( 20.)  Raphael Neukom         52:11 ( 27.)
                                         (    )                               (    )
OS;;<b> 34.      OLG Bern - Grizzlybär                                        3:26:38
</b>            Anne-Lea Berger      1:04:54 ( 40.)  Thomas Koenig          35:58 (  9.)
            Martin Jörg            51:15 ( 42.)  Erich Rea              54:31 ( 32.)
                                         (    )                               (    )
OS;;<b> 35.      OL Regio Burgdorf Buschwindrös                               3:29:06
</b>            Rolf Flückiger         47:56 ( 32.)  Marion Jaggi           53:31 ( 37.)
            Mia Bürki              51:52 ( 43.)  Silvan Schletti        55:47 ( 34.)
                                         (    )                               (    )
OS;;<b> 36.      OLG Skandia 1                                                3:30:38
</b>            Christine Lehmann    1:01:00 ( 38.)  Luca Gerber-Wong       48:28 ( 30.)
            Daniel Mürner          42:33 ( 32.)  Adrian Kernen          58:37 ( 37.)
                                         (    )                               (    )
OS;;<b> 37.      OLG Skandia 3                                                3:30:44
</b>            Christine Stalder      47:48 ( 31.)  Walter Marti         1:00:31 ( 42.)
            Peter Mürner           55:56 ( 46.)  Thomas Röthlisberger   46:29 ( 17.)
                                         (    )                               (    )
OS;;<b> 38.      OLG Hondrich Tschämps                                        3:36:01
</b>            Katrin Schoch        1:00:52 ( 37.)  Barbara Lehmann        55:25 ( 40.)
            Beat Jakob             37:30 ( 21.)  Ursli Jordi          1:02:14 ( 41.)
                                         (    )                               (    )
OS;;<b> 39.      OLC Omström Sense Die Restlich                               3:36:52
</b>            Nathalie Julmy       1:11:44 ( 46.)  Leonard Schafer        43:05 ( 19.)
            Nicole Hitz            40:51 ( 26.)  Adrian Schnyder      1:01:12 ( 39.)
                                         (    )                               (    )
OS;;<b> 40.      OL Regio Burgdorf Osterglöggli                               3:40:21
</b>            Barbara Luder          52:14 ( 33.)  Maria Luder          1:25:12 ( 48.)
            Cornelia Mangiarratt   36:16 ( 15.)  Joël Schmutz           46:39 ( 19.)
                                         (    )                               (    )
OS;;<b> 41.      ol norska indi + frauenpower                                 3:44:37
</b>            Daniel Schilliger    1:06:19 ( 41.)  Susanne Maibach      1:11:24 ( 46.)
            Leonie Sterchi         36:58 ( 16.)  Sabine Hauswirth       49:56 ( 23.)
                                         (    )                               (    )
OS;;<b> 42.      ol norska schärers verstärkt                                 3:51:02
</b>            Franz Hofer            53:55 ( 35.)  Daniel Hadorn          33:36 (  6.)
            Gerhard Schärer      1:11:38 ( 48.)  Sandra Schärer       1:11:53 ( 47.)
                                         (    )                               (    )
OS;;<b> 43.      OLG Skandia 2                                                3:52:13
</b>            Christine Bottinelli 1:20:09 ( 48.)  Susanne Gerber         45:46 ( 23.)
            Corinne Röthlisberge   46:06 ( 37.)  Christoph Salzmann   1:00:12 ( 38.)
                                         (    )                               (    )
OS;;<b> 44.      ol norska gewiefte taktiker                                  3:55:05
</b>            Daniela Kernen       1:01:42 ( 39.)  Werner Herren        1:23:09 ( 47.)
            Reto Pfister           38:30 ( 24.)  Jonas Geissbühler      51:44 ( 25.)
                                         (    )                               (    )
OS;;<b> 45.      OLG Huttwil Schneehase                                       4:34:41
</b>            Eveline Zappa        1:11:59 ( 47.)  Jill Roth              48:16 ( 29.)
            Manuela Burkhard     1:31:29 ( 49.)  Janick Zappa         1:02:57 ( 42.)
                                         (    )                               (    )
OS;;<b> 46.      OLG Hondrich Hiiröus                                         4:38:21
</b>            Markus Weber         1:45:36 ( 49.)  Rahel Christener     1:10:21 ( 45.)
            Sämi Christener        47:28 ( 40.)  Valentin Seibel        54:56 ( 33.)
                                         (    )                               (    )
OS;;<b>          OLG Hondrich Besties                                         n.klas.
</b>            Matthias Christener  1:06:24 ( 42.)  Silvia Jordi           46:03 ( 25.)
            Beat Trösch            40:58 ( 27.)  Peter Jordi          n.klas. (    )
                                         (    )                               (    )
OS;;<b>          OL Regio Burgdorf Schlüsselblü                               n.klas.
</b>            Elisa Thoms          1:08:01 ( 45.)  Ted Rubin            n.klas. (    )
            Ursula Wyss            55:48 ( 45.)  Alexander Pope         56:26 ( 35.)
                                         (    )                               (    )
OS;;<b>          OLG Bern - Kragenbär                                         n.klas.
</b>            Karin Geissbühler    1:06:24 ( 42.)  Veit Habermayr         49:09 ( 32.)
            Andrea Stauffiger    1:08:56 ( 47.)  Jürg Habermayr       n.klas. (    )
                                         (    )                               (    )
