OS;;<b>  1.      ol norska                                                    2:21:02
</b>            Sarina Kyburz          29:02 (    )  Simone Niggli          26:24 (    )
            Matthias Niggli        42:35 (    )  Ueli Werren            43:01 (    )
                                         (    )                               (    )
OS;;<b>  2.      OL Oberaargau                                                2:23:57
</b>            Mathias Birrer         29:22 (    )  Fritz Aebi             36:10 (    )
            Lukas Müller           40:20 (    )  Florian Howald         38:05 (    )
                                         (    )                               (    )
OS;;<b>  3.      OLK Argus                                                    2:35:14
</b>            Nicole Hitz            37:34 (    )  Markus Hitz            31:43 (    )
            Oliver Grimm           39:34 (    )  Rico Hübscher          46:23 (    )
                                         (    )                               (    )
OS;;<b>  4.      Tessiner Kader                                               2:36:09
</b>            Jan Leisinger          25:16 (    )  Viola Amadò            37:16 (    )
            Olmo Rigamonti         47:14 (    )  Gioele Bizzozero       46:23 (    )
                                         (    )                               (    )
OS;;<b>  5.      OLG Bern                                                     2:36:16
</b>            Thomas Koenig          30:31 (    )  Dimitri Hirter         35:18 (    )
            Florian Winkler        43:42 (    )  Marc Ebneter           46:45 (    )
                                         (    )                               (    )
OS;;<b>  6.      Tessiner Kader                                               2:36:27
</b>            Sebastiano Amaro       31:15 (    )  Fabienne Piattini      34:29 (    )
            Lucia Baumgartner      44:12 (    )  Giulio Romagna         46:31 (    )
                                         (    )                               (    )
OS;;<b>  7.      Cordoba OLC                                                  2:36:44
</b>            Lea Humbel             35:33 (    )  Véronique Renaud Hum   37:26 (    )
            Dominik Humbel         43:10 (    )  Simon Humbel           40:35 (    )
                                         (    )                               (    )
OS;;<b>  8.      OLK Argus                                                    2:37:04
</b>            Claudia Walti          37:21 (    )  Susanne Grimm          31:43 (    )
            Daniel Hotz            39:41 (    )  Sanna Hotz             48:19 (    )
                                         (    )                               (    )
OS;;<b>  9.      CA Rosé                                                      2:40:58
</b>            Mathias Blaise         24:24 (    )  Blaise Marclay         49:40 (    )
            Lisa Schubnell         44:48 (    )  Térence Risse          42:06 (    )
                                         (    )                               (    )
OS;;<b> 10.      OL Regio Burgdorf                                            2:41:59
</b>            Ted Rubin              32:27 (    )  Lilianne Mühlethaler   46:37 (    )
            Thomas Eyer            42:26 (    )  David Zürcher          40:29 (    )
                                         (    )                               (    )
OS;;<b> 11.      OL Regio Burgdorf                                            2:42:33
</b>            Dominique Bucher       31:02 (    )  Bernhard Zürcher       40:19 (    )
            Ueli Stalder           42:38 (    )  Joël Schmutz           48:34 (    )
                                         (    )                               (    )
OS;;<b> 12.      Tessiner Kader                                               2:43:10
</b>            Dario Vannini          32:35 (    )  Selina Castelli        33:00 (    )
            Alice Maddalena        46:55 (    )  John Asmus             50:40 (    )
                                         (    )                               (    )
OS;;<b> 13.      OLG Thun                                                     2:45:44
</b>            Silvio Zahnd           31:22 (    )  Julian Zimmermann      35:19 (    )
            Claudia Zettel         54:24 (    )  Felix Haller           44:39 (    )
                                         (    )                               (    )
OS;;<b> 14.      OLG Skandia                                                  2:46:53
</b>            Remo Ruch              24:37 (    )  Ruth Ruch              44:55 (    )
            Christine Stalder      51:37 (    )  Jannis Schönleber      45:44 (    )
                                         (    )                               (    )
OS;;<b> 15.      OLG Skandia                                                  2:47:23
</b>            Susanne Gerber         37:22 (    )  Nico Gerber-Wong       35:04 (    )
            Christian Oswald       53:50 (    )  Thomas Röthlisberger   41:07 (    )
                                         (    )                               (    )
OS;;<b> 16.      Tessiner Kader                                               2:48:17
</b>            Noah Bader             32:36 (    )  Maila Del Don          41:02 (    )
            Lorenza Rossetti       44:47 (    )  Martino Amaro          49:52 (    )
                                         (    )                               (    )
OS;;<b> 17.      OL Oberaargau                                                2:48:58
</b>            Anna Müller-Strub      37:10 (    )  Christine Kurzen       36:58 (    )
            Katja Birrer           48:42 (    )  Tim Hofer              46:08 (    )
                                         (    )                               (    )
OS;;<b> 18.      ol norska                                                    2:51:34
</b>            Annemarie Binggeli     33:42 (    )  Christoph Aeschliman   39:06 (    )
            Beatrice Aeschlimann   45:40 (    )  Gile Roulier           53:06 (    )
                                         (    )                               (    )
OS;;<b> 19.      ol.biel.seeland                                              2:56:11
</b>            Role Schütz            37:27 (    )  Gaby Aebersold         40:48 (    )
            Christian Aebersold    44:43 (    )  Jan Schmuki            53:13 (    )
                                         (    )                               (    )
OS;;<b> 20.      OLC Omström Sense                                            3:07:47
</b>            Nathalie Julmy         41:57 (    )  Veit Habermayr         46:49 (    )
            Adrian Schnyder        50:19 (    )  David Bürge            48:42 (    )
                                         (    )                               (    )
OS;;<b> 21.      OLG Murten                                                   3:09:30
</b>            Christoph Hofer        33:32 (    )  Siegfried Nagel        36:12 (    )
            Nicole Kopp            55:54 (    )  Olivier Meyer        1:03:52 (    )
                                         (    )                               (    )
OS;;<b> 22.      OL Oberaargau                                                3:09:42
</b>            Esther Bigler          41:43 (    )  Christine Jenzer       44:03 (    )
            Matthias Bigler        49:57 (    )  Thomas Hofer           53:59 (    )
                                         (    )                               (    )
OS;;<b> 23.      OLG Thun                                                     3:15:45
</b>            Christian Zettel       40:29 (    )  Mael Zettel            45:43 (    )
            Christine Zimmermann   53:19 (    )  Lukas Klossner         56:14 (    )
                                         (    )                               (    )
OS;;<b> 24.      OL Regio Burgdorf                                            3:15:58
</b>            Monika Ammann-Baumga   40:45 (    )  Susanne Christen       56:32 (    )
            Susann Furrer          52:15 (    )  Cyril Bucher           46:26 (    )
                                         (    )                               (    )
OS;;<b> 25.      OLG Bern                                                     3:18:36
</b>            Lars Wehren            37:02 (    )  Oliver Santschi        38:32 (    )
            Martin Jörg          1:09:13 (    )  Erich Rea              53:49 (    )
                                         (    )                               (    )
OS;;<b> 26.      OLV Luzern                                                   3:18:46
</b>            Thomas Emmenegger      40:41 (    )  Juerg Ehrler           46:47 (    )
            Matthias Merkli        51:20 (    )  Manuel Hartmann        59:58 (    )
                                         (    )                               (    )
OS;;<b> 27.      ol.biel.seeland                                              3:19:32
</b>            André Wälti            33:24 (    )  Petra Wälti            42:00 (    )
            Jael Wälti             49:47 (    )  Mio Buser            1:14:21 (    )
                                         (    )                               (    )
OS;;<b> 28.      ol norska                                                    3:22:14
</b>            Manuela Schärer        43:29 (    )  Irene Eglin            37:14 (    )
            Sandra Schärer       1:00:33 (    )  Michael Eglin        1:00:58 (    )
                                         (    )                               (    )
OS;;<b> 29.      ol norska                                                    3:26:08
</b>            Lilian Häner           41:08 (    )  Peter Eggeimann        51:29 (    )
            Johanna Bergmann     1:01:22 (    )  Raymond Beutler        52:09 (    )
                                         (    )                               (    )
OS;;<b> 30.      OLK Wiggertal                                                3:28:43
</b>            Barbara Zinniker       44:34 (    )  Gisela Frey            57:28 (    )
            Eveline Husner         47:06 (    )  Jan Wullschleger       59:35 (    )
                                         (    )                               (    )
OS;;<b> 31.      OLG Thun                                                     3:29:26
</b>            Nik Moser              33:36 (    )  Ruth Teuscher          51:33 (    )
            Barbara Lehmann      1:18:27 (    )  Beat Zimmermann        45:50 (    )
                                         (    )                               (    )
OS;;<b> 32.      ol.biel.seeland                                              3:34:09
</b>            Fabienne Steinauer     40:40 (    )  Susann Hofer           44:20 (    )
            Michael Steinauer      54:27 (    )  Ingrid Kurz          1:14:42 (    )
                                         (    )                               (    )
OS;;<b> 33.      olg hondich                                                  3:39:37
</b>            Benjamin Christener    44:09 (    )  Rahel Christener       55:10 (    )
            Samuel Christener      52:08 (    )  Matthias Christener  1:08:10 (    )
                                         (    )                               (    )
OS;;<b> 34.      OLG Skandia                                                  3:41:05
</b>            Jasmin Jenni           44:54 (    )  Brigitte Kohler        55:47 (    )
            Martin Kohler        1:02:14 (    )  David Kohler           58:10 (    )
                                         (    )                               (    )
OS;;<b> 35.      ol norska                                                    3:44:21
</b>            Franz Hofer            37:46 (    )  Susanne Maibach      1:08:18 (    )
            Reto Pfister           56:35 (    )  Christoph Streit     1:01:42 (    )
                                         (    )                               (    )
OS;;<b> 36.      OLK Wiggertal                                                3:45:05
</b>            Anton Husner           50:25 (    )  Heidi Gafner           59:14 (    )
            Urs Zinniker           56:36 (    )  Laurin Braun           58:50 (    )
                                         (    )                               (    )
OS;;<b> 37.      ol.biel.seeland                                              3:51:26
</b>            Luzi Peter             42:57 (    )  Ueli Hofstetter      1:03:07 (    )
            Robert Hegi            57:25 (    )  Brigitta Mathys      1:07:57 (    )
                                         (    )                               (    )
OS;;<b> 38.      olg hondich                                                  3:59:47
</b>            Schoch Katrin          40:56 (    )  Markus Weber         1:19:54 (    )
            Urs Dätwyler           56:46 (    )  Urs Jordi            1:02:11 (    )
                                         (    )                               (    )
OS;;<b> 39.      OL Oberaargau                                                4:03:35
</b>            Manuela Burckhard    1:14:31 (    )  Christine Burch        42:50 (    )
            Eveline Zappa        1:06:29 (    )  Janick Zappa           59:45 (    )
                                         (    )                               (    )
OS;;<b>          Tessiner Kader                                                 Po.f.
</b>            Liam Campana           Po.f. (    )  Alessia Asmus          38:04 (    )
            Elisa Bertozzi         42:40 (    )  Diego Lavezzo          49:19 (    )
                                         (    )                               (    )
OS;;<b>          OLK Wiggertal                                                  Po.f.
</b>            Ramon Frey             Po.f. (    )  Lily Husner            46:05 (    )
            Matthias Althaus       51:51 (    )  Marius Hürzeler      1:00:32 (    )
                                         (    )                               (    )
OS;;<b>          OLG Bern                                                       Po.f.
</b>            Mathieu Mazuez         Po.f. (    )  Marc Probst            31:37 (    )
            Anja Probst            43:10 (    )  Thomas Hirter          48:50 (    )
                                         (    )                               (    )
OS;;<b>          ol.biel.seeland                                                Po.f.
</b>            Levi Wüthrich          Po.f. (    )  Lucie Hermann          44:49 (    )
            Lorin Lüscher          46:18 (    )  Silvan Spiess          54:31 (    )
                                         (    )                               (    )
OS;;<b>          Cordoba OLC                                                    Po.f.
</b>            Judith Suter-Schadeg   Po.f. (    )  Caroline Mennet        51:42 (    )
            Eldrid Aas           1:11:39 (    )  Siri Suter           1:02:27 (    )
                                         (    )                               (    )
OS;;<b>          OLK Argus                                                      Po.f.
</b>            Michael Kretz          41:13 (    )  Urs Müller             Po.f. (    )
            Manuel Deffner         52:17 (    )  Michael Wild         1:00:43 (    )
                                         (    )                               (    )
OS;;<b>          OL Regio Burgdorf                                              Po.f.
</b>            Judith Zürcher         40:49 (    )  Florence Mühlethaler   45:28 (    )
            Ursula Wyss            Po.f. (    )  Franziska Wolleb Eye   Po.f. (    )
                                         (    )                               (    )
OS;;<b>          OLG Skandia                                                    Po.f.
</b>            Christine Lehmann      41:42 (    )  Anke Schütze           Po.f. (    )
            Martin Blattner      1:06:03 (    )  Adrian Kernen          59:13 (    )
                                         (    )                               (    )
OS;;<b>          ol norska                                                      Po.f.
</b>            Daniela Kernen         44:18 (    )  Daniel Hadorn          33:41 (    )
            Thomas Egger           Po.f. (    )  Jonas Geissbühler      45:29 (    )
                                         (    )                               (    )
OS;;<b>          Cordoba OLC                                                    Po.f.
</b>            Jörg Mennet            48:20 (    )  Ruth Humbel            43:46 (    )
            Patrick Zehnder      1:04:06 (    )  Nik Suter-Schadegg     Po.f. (    )
                                         (    )                               (    )
OS;;<b>          OL Oberaargau                                                       
</b>            Res Gygax                    (    )  Hanspeter Arm                (    )
            Matthias Bigler              (    )  Thomas Hofer                 (    )
                                         (    )                               (    )
